<?xml version="1.0" encoding="utf-8" ?>
<entity-mappings xmlns="https://jakarta.ee/xml/ns/persistence/orm"
                 xmlns:xsi="http://www.w3.org/2001/XMLSchema-instance"
                 xsi:schemaLocation="https://jakarta.ee/xml/ns/persistence/orm
                 https://jakarta.ee/xml/ns/persistence/orm/orm_3_0.xsd"
                 version="3.0">
    <!-- 순수 SQL코드 -->
    <!-- name -> 쿼리를 수행하는 대상 엔터티.메서드 이름-->
    <!-- result-class -> 결과를 매핑할 클래스 전테 패키지 경로    -->
<!--    <named-native-query-->
<!--            name="Comment.findByNickname"-->
<!--            result-class="com.example.firstproject.entity.Comment"-->
<!--    >-->
<!--        <query>-->
<!--            SELECT * FROM comment WHERE nickname = :nickname-->
<!--        </query>-->
<!--    </named-native-query>-->
    <named-native-query
            name="Reply.findByNickname"
            result-class="com.example.firstproject.models.entity.Reply"
    >
        <query>
            SELECT * FROM reply WHERE nickname = :nickname
        </query>
    </named-native-query>

    <!-- 지정 프로시저 -->
    <named-stored-procedure-query name="a" procedure-name="b">

    </named-stored-procedure-query>

</entity-mappings>